first_name,last_name,email,source,destination
Talia,Finnan,tfinnan0@fastcompany.com,74.66.205.206,196.24.125.220
Mychal,Rockcliffe,mrockcliffe1@cornell.edu,231.220.121.232,7.128.240.101
See,Maggiore,smaggiore2@un.org,250.203.216.181,178.148.15.120
Stacy,Belfield,sbelfield3@sciencedaily.com,223.74.254.146,246.115.124.218
Hoyt,Camellini,hcamellini4@51.la,91.40.141.126,133.243.183.194
Symon,Harrowing,sharrowing5@360.cn,122.188.62.214,176.19.126.147
Reggy,Bygott,rbygott6@artisteer.com,62.241.126.136,201.231.140.71
Beniamino,Somerlie,bsomerlie7@biglobe.ne.jp,192.111.192.42,212.26.154.54
Janice,Ambrosini,jambrosini8@mayoclinic.com,0.19.80.232,210.207.29.213
Gennie,Goldes,ggoldes9@bloglines.com,117.119.24.254,200.248.128.150
Maridel,Weatherburn,mweatherburna@ibm.com,16.42.168.155,123.80.58.230
Esteban,Beavington,ebeavingtonb@alibaba.com,81.139.104.247,140.227.55.80
Chrystel,Bettis,cbettisc@github.com,72.171.214.210,52.157.219.199
Maurise,Aloshechkin,maloshechkind@goo.gl,7.116.10.185,91.61.185.116
Brooke,Kesby,bkesbye@studiopress.com,108.243.212.103,235.46.84.252
Trenna,Egdell,tegdellf@soup.io,160.42.176.200,133.183.41.37
Katalin,Chiddy,kchiddyg@blog.com,83.67.220.217,26.99.202.200
Egon,Duffan,eduffanh@about.me,151.140.25.211,4.217.0.112
Anthia,Geibel,ageibeli@usda.gov,46.230.255.37,252.59.45.231
Mortie,Kneaphsey,mkneaphseyj@nhs.uk,121.25.4.95,201.219.246.49
Alonzo,Mattiuzzi,amattiuzzik@theatlantic.com,253.68.157.37,254.1.160.226
Britney,Washington,bwashingtonl@gizmodo.com,137.56.125.99,103.13.117.112
Augustine,Gomme,agommem@w3.org,4.19.49.4,241.175.135.69
Araldo,Hinksen,ahinksenn@ucoz.ru,249.134.145.23,117.19.249.29
Laetitia,Senechault,lsenechaulto@blogtalkradio.com,30.2.254.216,26.76.134.147
Klarika,Allwood,kallwoodp@businesswire.com,126.41.237.161,179.28.87.64
Tessa,Shapcott,tshapcottq@pen.io,76.11.192.224,65.255.37.176
Raychel,Knight,rknightr@google.com.br,72.65.53.138,54.189.180.200
Martin,Cayette,mcayettes@wp.com,134.141.78.20,122.124.129.41
Neysa,Pittock,npittockt@comsenz.com,247.178.139.156,7.184.70.31
Susie,Sherrard,ssherrardu@ibm.com,91.173.192.58,232.177.215.183
Mabelle,Drinkhall,mdrinkhallv@hexun.com,54.94.254.141,228.169.221.136
Karlee,Horrell,khorrellw@list-manage.com,229.3.205.213,147.255.67.53
Audrey,Larvent,alarventx@soup.io,109.112.146.111,177.134.183.53
Vanya,Lightollers,vlightollersy@businessweek.com,90.215.174.171,25.202.123.131
Dulcie,Gilbanks,dgilbanksz@buzzfeed.com,220.28.153.96,62.234.58.53
Codie,Illsley,cillsley10@t-online.de,64.187.75.233,79.216.62.105
Carrol,Dudley,cdudley11@nasa.gov,227.128.167.131,93.197.231.82
Hayyim,Enser,henser12@oracle.com,49.131.72.88,195.103.173.127
Arri,Sadd,asadd13@hud.gov,128.224.183.133,152.184.159.84
Carissa,Morrott,cmorrott14@newsvine.com,221.82.52.117,244.20.123.18
Damara,Hekkert,dhekkert15@rambler.ru,71.47.186.166,131.14.155.74
Ava,Cloughton,acloughton16@shutterfly.com,189.219.6.223,147.18.223.174
Jasper,Crowden,jcrowden17@paginegialle.it,107.149.177.186,125.145.159.110
Reed,Redsall,rredsall18@nbcnews.com,198.21.113.56,167.198.12.8
Reta,Rockliffe,rrockliffe19@1und1.de,222.80.72.136,167.21.186.85
Melanie,Ahlin,mahlin1a@globo.com,227.23.228.97,213.126.17.96
Ninnette,Copner,ncopner1b@reddit.com,135.254.236.167,94.22.68.53
Lind,Tevlin,ltevlin1c@fc2.com,194.110.164.26,68.45.253.59
Lindsey,Borland,lborland1d@amazon.co.jp,128.4.166.92,86.253.55.106
Trumann,Longden,tlongden1e@cargocollective.com,0.12.231.118,47.141.95.83
Bibbie,Harrison,bharrison1f@weather.com,189.123.45.152,80.2.79.20
Eveleen,Bowmaker,ebowmaker1g@nba.com,54.21.54.21,87.153.100.241
Sharona,Delacoste,sdelacoste1h@sitemeter.com,195.180.243.227,49.32.26.7
Velvet,Chappell,vchappell1i@reference.com,243.37.142.201,122.101.7.81
Sallie,Dolohunty,sdolohunty1j@youku.com,51.125.5.197,63.128.247.242
Goran,Mallard,gmallard1k@cyberchimps.com,39.177.219.230,31.242.205.11
Allin,Vanezis,avanezis1l@cdbaby.com,128.221.112.164,52.116.89.22
Annabel,Ruggen,aruggen1m@boston.com,116.57.84.125,24.208.111.132
Sabra,Wickstead,swickstead1n@quantcast.com,114.227.203.39,193.69.200.139
Agretha,Hunsworth,ahunsworth1o@gravatar.com,131.139.17.230,253.209.82.35
Homer,Bullan,hbullan1p@ezinearticles.com,1.232.110.176,107.36.143.108
Jacklyn,Archard,jarchard1q@yahoo.co.jp,250.2.48.246,171.240.167.34
Niki,Bockler,nbockler1r@alexa.com,188.110.186.154,64.77.86.19
Fanny,Dhennin,fdhennin1s@berkeley.edu,59.210.177.155,253.70.149.230
Faber,Daftor,fdaftor1t@google.de,119.112.167.87,233.99.244.225
Hyacinthie,Trevaskus,htrevaskus1u@com.com,123.83.127.123,239.195.128.209
Rubi,Fayer,rfayer1v@ning.com,143.110.168.229,233.172.218.40
Nesta,Jasper,njasper1w@biblegateway.com,244.190.83.157,141.206.170.23
Mayor,Jolliffe,mjolliffe1x@ucoz.com,169.121.132.71,91.240.89.240
Isadore,Allebone,iallebone1y@huffingtonpost.com,154.156.64.101,165.42.73.20
Tarrance,Effemy,teffemy1z@nymag.com,194.181.153.212,89.210.69.28
Winni,Douberday,wdouberday20@uiuc.edu,180.174.27.211,101.65.129.78
Adolphe,Tapper,atapper21@people.com.cn,123.4.162.37,54.160.243.170
Amitie,Pulford,apulford22@behance.net,46.96.110.148,241.239.196.173
Kimberlyn,McTeer,kmcteer23@phpbb.com,40.111.30.55,170.179.199.248
Cathrin,Lipgens,clipgens24@ycombinator.com,142.90.41.221,45.18.68.20
Cecile,Layhe,clayhe25@usnews.com,238.237.39.102,92.86.100.140
Lishe,Flecknell,lflecknell26@zdnet.com,60.218.82.26,215.196.51.234
Ariela,Reagan,areagan27@squarespace.com,98.120.11.105,180.21.14.76
Filbert,Kettleson,fkettleson28@desdev.cn,216.126.19.148,102.85.50.175
Joelly,Rown,jrown29@yahoo.co.jp,125.14.159.104,213.91.179.144
Penn,Costanza,pcostanza2a@tiny.cc,146.23.148.80,66.113.127.207
Lexis,Jowle,ljowle2b@disqus.com,94.44.240.117,111.195.25.37
Ag,Crampin,acrampin2c@acquirethisname.com,147.244.180.99,161.129.108.239
Lisbeth,Farnell,lfarnell2d@istockphoto.com,99.130.237.136,3.227.141.23
Dorrie,Vigars,dvigars2e@hubpages.com,95.72.248.40,28.42.159.203
Lucais,Mount,lmount2f@marriott.com,158.252.144.63,197.49.118.175
Richard,Akester,rakester2g@theglobeandmail.com,170.239.133.55,187.240.153.22
Eudora,Breddy,ebreddy2h@auda.org.au,98.223.93.3,244.8.165.242
Dorrie,Whissell,dwhissell2i@wp.com,172.68.90.87,18.16.72.21
Tressa,Ledram,tledram2j@omniture.com,97.251.13.2,28.56.176.215
Aimil,Hails,ahails2k@sun.com,146.231.68.251,170.83.227.114
Ethelred,Lumm,elumm2l@google.de,64.25.101.97,158.153.149.146
Cassie,Jarrold,cjarrold2m@ft.com,223.234.229.138,240.99.125.93
Phoebe,Tonbye,ptonbye2n@zdnet.com,191.24.40.14,93.72.157.225
Aeriela,Egel,aegel2o@biblegateway.com,65.248.247.167,251.142.48.169
Henrieta,Goddman,hgoddman2p@youku.com,108.247.241.9,190.61.108.172
L;urette,Coulbeck,lcoulbeck2q@wordpress.com,229.234.20.150,92.159.41.250
Euell,Dovidian,edovidian2r@csmonitor.com,23.44.189.145,233.4.116.118
Emlen,Stancer,estancer2s@answers.com,132.178.214.23,85.60.195.205
Mareah,Huckett,mhuckett2t@typepad.com,77.10.136.204,185.80.47.198
Hadleigh,Vallentin,hvallentin2u@hibu.com,22.230.152.22,136.213.77.130
Eleni,Sawdy,esawdy2v@de.vu,28.66.109.185,140.156.235.65
Thorstein,Fyldes,tfyldes2w@blogspot.com,248.58.159.232,254.66.244.227
Luca,Pocke,lpocke2x@jimdo.com,40.113.146.124,181.95.116.241
Washington,Skupinski,wskupinski2y@prlog.org,138.109.90.88,92.226.87.131
Maximo,Guillond,mguillond2z@china.com.cn,151.180.53.33,91.17.114.142
Orbadiah,Ratlee,oratlee30@nba.com,223.69.132.109,156.52.215.238
Amargo,Flewan,aflewan31@ox.ac.uk,232.129.241.111,116.254.13.199
Matthaeus,Piatek,mpiatek32@yale.edu,183.133.53.133,249.85.126.25
Alleyn,Hulance,ahulance33@a8.net,66.114.25.166,2.159.200.51
Idell,Signoret,isignoret34@fc2.com,98.29.92.152,12.121.219.149
Oren,Raynard,oraynard35@baidu.com,224.41.11.161,160.212.159.74
Fergus,Buswell,fbuswell36@ca.gov,33.112.115.51,231.198.151.178
Bradney,Jahner,bjahner37@mashable.com,233.164.152.194,148.31.173.198
Lenci,Bew,lbew38@drupal.org,239.196.212.199,135.120.141.11
Cloris,Deport,cdeport39@zimbio.com,209.154.51.118,4.130.42.196
Sheila-kathryn,Lechelle,slechelle3a@amazon.de,72.204.113.254,253.185.158.207
Fannie,Gurry,fgurry3b@dagondesign.com,70.162.62.143,73.235.107.18
Essa,Crehan,ecrehan3c@weather.com,146.89.19.19,145.180.27.110
Beth,Rubenov,brubenov3d@unblog.fr,65.99.240.232,206.89.145.223
Bartlet,Albin,balbin3e@thetimes.co.uk,211.222.133.131,174.25.125.137
Jacques,Haye,jhaye3f@sciencedaily.com,96.223.143.146,254.117.254.1
Wade,Castellone,wcastellone3g@uol.com.br,189.221.213.159,195.154.196.223
Rebeka,Loutheane,rloutheane3h@ibm.com,184.20.204.149,189.126.11.193
Renee,Earlam,rearlam3i@webeden.co.uk,128.16.125.172,139.234.27.237
Matthew,De Bischof,mdebischof3j@sbwire.com,63.21.144.179,130.240.156.183
Shara,Meneux,smeneux3k@yellowbook.com,199.226.0.164,52.210.190.141
Saudra,Flescher,sflescher3l@cmu.edu,186.253.35.146,159.157.51.55
Yankee,Kiddie,ykiddie3m@google.com.br,146.108.75.65,128.19.180.127
Sophie,Peddersen,speddersen3n@creativecommons.org,88.195.93.146,203.206.77.128
Lacie,Ashwell,lashwell3o@live.com,190.30.222.140,15.60.161.12
Lind,Oakeby,loakeby3p@dedecms.com,32.27.224.13,120.42.97.24
Jayme,Oldnall,joldnall3q@woothemes.com,44.200.153.67,26.75.204.145
Loria,Nursey,lnursey3r@mit.edu,2.193.15.4,142.195.34.74
Candi,Dumberrill,cdumberrill3s@disqus.com,29.210.216.178,241.168.156.244
Borg,Ellin,bellin3t@adobe.com,21.161.63.12,145.97.27.40
Niki,Talby,ntalby3u@google.fr,143.247.135.83,15.154.178.201
Fabe,Clappson,fclappson3v@pcworld.com,56.2.99.254,204.10.180.140
Atlante,Sidebotton,asidebotton3w@stumbleupon.com,15.99.243.212,62.13.153.56
Aubert,Honniebal,ahonniebal3x@weebly.com,19.76.73.23,7.4.102.192
Heinrick,Tweedlie,htweedlie3y@reuters.com,72.13.5.228,16.248.109.54
Myrna,Trewhitt,mtrewhitt3z@usda.gov,202.247.171.158,164.76.170.46
Marijn,Pearce,mpearce40@dailymail.co.uk,31.100.212.186,39.118.193.4
Clive,Ricardo,cricardo41@typepad.com,79.8.228.73,142.240.79.245
Karita,Klicher,kklicher42@vimeo.com,80.206.11.103,225.86.11.2
Mada,Daouze,mdaouze43@rambler.ru,187.233.219.53,255.186.104.152
Delaney,Gamlyn,dgamlyn44@deliciousdays.com,81.90.23.58,85.152.67.217
Ximenez,Fawke,xfawke45@photobucket.com,222.149.94.155,163.99.11.254
Carling,Carlyle,ccarlyle46@un.org,209.164.57.227,211.153.89.233
Billie,Jaspar,bjaspar47@ustream.tv,102.144.246.199,58.115.244.161
Verine,Menichini,vmenichini48@berkeley.edu,134.28.173.102,161.230.209.116
Eloise,Siddons,esiddons49@myspace.com,210.219.184.100,104.106.190.184
Beulah,Skechley,bskechley4a@virginia.edu,193.143.155.38,80.68.168.133
Joaquin,Balleine,jballeine4b@amazon.co.jp,220.54.243.63,7.181.72.189
Eb,Mandifield,emandifield4c@indiegogo.com,51.117.243.83,191.62.49.98
Martynne,Grimes,mgrimes4d@opera.com,37.184.68.204,244.107.65.67
Tory,Kitchiner,tkitchiner4e@huffingtonpost.com,39.178.87.45,194.112.114.45
Kristofor,Labet,klabet4f@arstechnica.com,94.37.144.20,81.222.49.81
Ansley,Moulster,amoulster4g@apache.org,225.70.130.217,254.134.5.43
Buckie,Cockerton,bcockerton4h@dedecms.com,61.78.246.41,140.199.100.203
Roxana,Cicco,rcicco4i@nih.gov,102.129.253.97,187.86.235.227
Gizela,Mooring,gmooring4j@ifeng.com,130.60.200.37,101.78.128.131
August,Shawcross,ashawcross4k@behance.net,12.106.21.175,48.69.49.63
Gary,Hallbord,ghallbord4l@mysql.com,252.10.17.87,252.181.162.87
Mavra,Trundler,mtrundler4m@jimdo.com,67.159.117.148,219.15.104.4
Julita,Brodeur,jbrodeur4n@shop-pro.jp,64.252.48.146,34.168.7.233
Andrea,Blaine,ablaine4o@bandcamp.com,102.47.58.33,103.197.254.93
Tera,Faithorn,tfaithorn4p@sitemeter.com,57.57.102.167,96.29.29.131
Louisette,Gatherer,lgatherer4q@google.com.au,101.150.7.76,200.173.208.163
Brnaby,Laffan,blaffan4r@cam.ac.uk,19.210.135.30,195.52.102.97
Barty,Alliker,balliker4s@acquirethisname.com,137.112.195.229,92.24.186.180
Alanson,La Rosa,alarosa4t@washington.edu,12.141.36.50,170.68.161.180
Georgeanne,Gallanders,ggallanders4u@wired.com,102.176.223.171,194.190.25.177
Emeline,Kluge,ekluge4v@xing.com,130.187.158.21,188.145.244.164
Marni,Dmtrovic,mdmtrovic4w@hubpages.com,12.235.62.248,164.187.7.46
Marcello,Dakers,mdakers4x@bigcartel.com,251.231.77.248,189.24.219.200
Derril,Meric,dmeric4y@hibu.com,180.112.112.225,113.14.233.76
Roxine,Durrad,rdurrad4z@ucsd.edu,202.14.86.93,36.44.215.94
Bevvy,Dockrey,bdockrey50@amazon.com,58.95.212.228,234.200.99.54
Steffie,Summerbell,ssummerbell51@apple.com,74.10.85.228,50.184.231.171
Roxanna,Imlacke,rimlacke52@hc360.com,151.144.85.216,106.154.255.233
Garrek,Sedgmond,gsedgmond53@dot.gov,57.237.186.182,35.71.239.243
Izabel,Prisk,iprisk54@comsenz.com,202.105.143.142,75.221.119.220
Xever,Petofi,xpetofi55@forbes.com,194.119.180.160,198.9.21.203
Sibbie,Shardlow,sshardlow56@who.int,103.60.169.63,140.66.144.195
Leola,Gooke,lgooke57@surveymonkey.com,80.137.182.152,68.80.195.88
Dov,Thistleton,dthistleton58@seattletimes.com,221.237.140.191,243.28.42.159
Morna,McLae,mmclae59@japanpost.jp,211.120.205.74,186.207.14.29
Nannette,Kivlehan,nkivlehan5a@harvard.edu,168.17.237.41,64.26.108.216
Shaylyn,Barritt,sbarritt5b@e-recht24.de,172.153.190.249,187.36.154.131
Chris,Wille,cwille5c@diigo.com,114.220.74.236,65.218.172.192
Dorthea,Bellhouse,dbellhouse5d@salon.com,161.38.177.113,197.107.34.66
Aigneis,Fortye,afortye5e@illinois.edu,79.170.36.87,42.124.101.168
Esta,Tatum,etatum5f@goo.gl,134.48.29.2,80.65.188.205
Chloe,Skitral,cskitral5g@nih.gov,214.174.73.72,183.75.221.135
Wake,Petrovic,wpetrovic5h@list-manage.com,155.31.14.251,240.239.218.210
Stacey,Cuddehy,scuddehy5i@nhs.uk,62.127.192.128,83.238.214.29
Eugen,John,ejohn5j@guardian.co.uk,198.179.118.11,175.138.199.119
Baxter,Crowdace,bcrowdace5k@dedecms.com,187.131.70.239,20.162.215.133
Lamont,Fateley,lfateley5l@biglobe.ne.jp,70.66.119.162,51.76.4.16
Thoma,Matson,tmatson5m@g.co,176.178.41.30,192.204.138.134
Cletis,Debney,cdebney5n@examiner.com,156.248.219.199,170.249.42.154
Grata,Kroin,gkroin5o@google.nl,186.140.217.212,228.69.61.89
Lorna,Cuttelar,lcuttelar5p@oaic.gov.au,130.46.143.243,253.108.186.104
Helsa,Thoresby,hthoresby5q@go.com,26.9.181.119,2.252.175.239
Barnie,Honisch,bhonisch5r@about.com,105.198.202.22,219.251.15.145
Ker,Yaus,kyaus5s@wisc.edu,181.119.59.220,195.78.93.11
Penny,Meriton,pmeriton5t@sakura.ne.jp,203.49.62.112,1.171.107.4
Joel,Feehily,jfeehily5u@blog.com,33.108.100.58,107.250.58.191
Waneta,Nathon,wnathon5v@skyrock.com,49.5.22.11,208.128.227.185
Gabe,Lutzmann,glutzmann5w@istockphoto.com,8.44.168.179,227.238.220.117
Antonella,Ludvigsen,aludvigsen5x@tmall.com,10.143.96.208,59.114.49.136
Bartholomeus,Tofful,btofful5y@trellian.com,166.83.60.249,33.212.166.218
Sibley,Douglass,sdouglass5z@census.gov,108.115.1.178,86.35.208.60
Adora,Hodgen,ahodgen60@diigo.com,38.25.182.159,5.167.133.104
Debbi,Sulley,dsulley61@e-recht24.de,7.228.254.141,209.76.220.255
Cobbie,Brandoni,cbrandoni62@weather.com,47.190.239.224,187.130.126.153
Kare,Amori,kamori63@diigo.com,27.11.76.143,92.12.188.82
Goddart,Gauden,ggauden64@naver.com,23.7.235.66,167.46.249.48
Wendel,Twiddle,wtwiddle65@springer.com,216.180.135.182,83.149.65.123
Alameda,Stivers,astivers66@quantcast.com,49.203.231.52,91.107.152.249
Ameline,Woolcocks,awoolcocks67@yahoo.com,211.132.232.46,79.14.190.126
Rab,Garment,rgarment68@state.gov,83.94.180.120,132.118.15.201
Bealle,McKain,bmckain69@ifeng.com,1.251.207.44,202.103.220.236
Cirstoforo,Stillman,cstillman6a@adobe.com,65.188.36.63,90.183.73.217
Bobbie,Licquorish,blicquorish6b@toplist.cz,178.99.197.72,73.9.29.199
Annamarie,Leslie,aleslie6c@linkedin.com,60.201.110.87,177.112.81.37
Joleen,Arnoll,jarnoll6d@illinois.edu,143.168.14.217,237.247.152.183
Coral,Ewen,cewen6e@jiathis.com,18.55.182.182,129.85.54.208
Kristine,Huyche,khuyche6f@unesco.org,35.250.237.199,33.50.178.117
Casie,Hairon,chairon6g@parallels.com,167.34.59.61,47.242.217.95
Morton,Gipp,mgipp6h@europa.eu,10.206.239.158,110.127.77.7
Giuditta,Woodyeare,gwoodyeare6i@indiatimes.com,57.241.199.61,75.168.115.170
Amos,Crickmer,acrickmer6j@yahoo.com,24.137.160.133,142.128.46.8
Naoma,Bischoff,nbischoff6k@bizjournals.com,181.252.19.67,48.248.25.221
Dugald,Espinoza,despinoza6l@ow.ly,219.138.220.214,236.136.15.95
Bobby,Jaffa,bjaffa6m@biblegateway.com,111.104.242.167,255.36.46.172
Kalinda,Caws,kcaws6n@flickr.com,73.2.198.45,248.13.33.10
Jackie,Simper,jsimper6o@fotki.com,116.175.158.144,131.144.34.20
Jerrylee,Allsup,jallsup6p@mtv.com,245.150.239.114,34.33.195.6
Roshelle,Gilleson,rgilleson6q@google.com.br,85.146.147.11,0.86.40.131
Lucretia,Dowd,ldowd6r@phoca.cz,250.201.137.151,207.107.194.66
Cletus,Seabrook,cseabrook6s@posterous.com,142.217.22.144,52.234.140.59
Thurstan,Garrique,tgarrique6t@de.vu,4.168.225.154,158.196.146.171
Waylen,Walburn,wwalburn6u@shop-pro.jp,178.142.49.109,240.19.55.180
Rogerio,Claypool,rclaypool6v@shareasale.com,185.188.127.103,119.231.220.148
Janna,Barnhill,jbarnhill6w@geocities.jp,226.63.210.250,109.97.205.229
Benoite,Goldthorp,bgoldthorp6x@bloglovin.com,201.178.137.144,168.165.86.38
Addy,Wycliffe,awycliffe6y@dyndns.org,99.186.188.47,252.138.241.172
Leroy,Scogin,lscogin6z@adobe.com,19.106.79.220,133.103.194.176
Elspeth,Rendbaek,erendbaek70@biglobe.ne.jp,177.137.29.128,40.97.129.143
Lonni,Foxcroft,lfoxcroft71@com.com,118.87.32.155,46.206.180.214
Corny,Arkill,carkill72@hud.gov,76.118.199.155,188.36.46.81
Marcus,Wonter,mwonter73@chicagotribune.com,29.170.142.95,2.205.52.233
Fremont,Konke,fkonke74@spotify.com,101.150.49.67,31.247.113.6
Ariel,Collete,acollete75@blog.com,189.155.246.121,166.70.156.237
Jasun,Aguirrezabala,jaguirrezabala76@va.gov,148.222.14.142,208.42.137.93
Auria,Calwell,acalwell77@oakley.com,142.246.143.178,243.5.3.0
Lin,Keenleyside,lkeenleyside78@walmart.com,57.15.20.242,93.143.222.61
Janot,Henkmann,jhenkmann79@bloglovin.com,242.4.124.171,187.170.226.100
Carmelina,Ottewell,cottewell7a@cnn.com,150.163.2.14,65.193.58.226
John,Claricoates,jclaricoates7b@cornell.edu,188.0.2.192,35.85.42.38
Emanuele,Cess,ecess7c@symantec.com,117.47.86.125,95.7.138.12
Katrinka,Haselup,khaselup7d@dyndns.org,57.179.10.58,79.95.188.47
Stanford,Canedo,scanedo7e@360.cn,218.122.9.29,240.253.93.105
Anitra,Mallord,amallord7f@seesaa.net,173.65.95.179,218.169.255.52
Panchito,Biagini,pbiagini7g@sogou.com,169.70.139.223,235.120.6.52
Madella,Hadlow,mhadlow7h@msn.com,15.14.208.185,232.180.97.168
Jule,Murr,jmurr7i@google.com.au,49.168.148.105,100.10.109.197
Bride,Fletcher,bfletcher7j@meetup.com,160.86.137.90,124.247.176.63
Casey,Mabb,cmabb7k@goo.gl,27.229.73.133,80.141.57.213
Dionisio,Patching,dpatching7l@ucsd.edu,111.155.123.105,255.211.42.63
Lise,Odd,lodd7m@technorati.com,41.94.136.62,202.27.156.227
Bertrando,Strelitzki,bstrelitzki7n@twitter.com,188.134.195.193,149.202.156.207
Carie,Geraldini,cgeraldini7o@themeforest.net,51.198.73.242,19.35.95.142
Winston,Illidge,willidge7p@tuttocitta.it,238.131.168.4,246.163.172.245
Zeke,Kener,zkener7q@soundcloud.com,37.146.52.110,14.191.162.12
Carolann,Garbar,cgarbar7r@mac.com,220.222.219.170,120.15.62.136
Trish,Summerside,tsummerside7s@chicagotribune.com,165.142.90.65,243.167.149.24
Ludovika,McCaughey,lmccaughey7t@paginegialle.it,227.168.234.85,128.94.137.24
Carmela,Haldene,chaldene7u@cbc.ca,78.212.27.188,107.113.221.141
Rogers,Meatcher,rmeatcher7v@geocities.jp,240.27.108.154,244.13.143.92
Donna,Bachelar,dbachelar7w@jimdo.com,206.71.146.119,130.42.227.145
Jemie,Wathen,jwathen7x@imgur.com,124.36.110.246,96.207.20.219
Rosabella,Comino,rcomino7y@people.com.cn,209.151.229.127,230.92.215.38
Shawn,Messitt,smessitt7z@ning.com,75.227.74.44,96.20.30.50
Fernandina,Bradfield,fbradfield80@studiopress.com,140.102.236.174,96.241.143.131
Odelia,Harper,oharper81@angelfire.com,206.118.128.195,170.194.60.182
Karyl,Allnutt,kallnutt82@bravesites.com,147.91.211.111,247.120.221.36
Vernor,Crush,vcrush83@vkontakte.ru,102.178.93.253,107.35.42.13
Moore,Mainds,mmainds84@ibm.com,161.161.135.211,10.236.94.21
Roselle,Pfaffel,rpfaffel85@auda.org.au,204.217.128.182,119.16.188.63
Paige,Date,pdate86@e-recht24.de,86.59.79.141,199.79.168.161
Brittan,Jermy,bjermy87@globo.com,189.234.248.194,233.110.213.226
Keane,Travis,ktravis88@indiatimes.com,189.79.70.136,103.58.234.65
Hildy,Marlow,hmarlow89@bravesites.com,47.4.134.129,182.89.81.227
Constancia,Bricket,cbricket8a@123-reg.co.uk,196.50.105.187,21.43.160.79
Louella,Manuelli,lmanuelli8b@freewebs.com,132.159.64.176,245.37.33.199
Alexine,Bernocchi,abernocchi8c@gmpg.org,240.41.21.196,3.191.31.202
Barth,Pagen,bpagen8d@yahoo.com,163.69.160.75,8.81.35.189
Olivette,Reisin,oreisin8e@mlb.com,210.45.78.171,86.219.52.111
Onofredo,Munnings,omunnings8f@flickr.com,122.46.0.105,214.206.209.107
Mary,Tilbury,mtilbury8g@sciencedirect.com,86.162.219.10,175.37.130.86
Allison,Ellam,aellam8h@loc.gov,10.49.125.95,144.32.171.207
Gloriana,Siverns,gsiverns8i@odnoklassniki.ru,240.228.179.24,243.121.248.94
Mattie,Bachura,mbachura8j@phpbb.com,39.20.66.244,52.183.62.135
Kiley,Audritt,kaudritt8k@webmd.com,13.196.231.182,255.183.188.10
Tresa,Franciskiewicz,tfranciskiewicz8l@wunderground.com,34.236.195.125,33.221.38.41
Rivalee,Paulot,rpaulot8m@mashable.com,190.150.187.127,194.217.116.142
Hebert,Lambourn,hlambourn8n@51.la,172.99.39.129,69.245.128.177
Urbanus,Olivello,uolivello8o@usatoday.com,112.239.52.187,194.86.212.137
Hans,Leifer,hleifer8p@marketwatch.com,13.7.94.158,45.111.20.97
Maison,Portis,mportis8q@samsung.com,67.35.160.198,233.217.128.149
Kennie,Greetland,kgreetland8r@usnews.com,107.121.127.114,227.136.215.79
Norri,Cracie,ncracie8s@soundcloud.com,93.156.104.187,209.17.56.158
Deena,Lonsdale,dlonsdale8t@google.ca,148.19.93.63,176.36.226.122
Jillie,Copas,jcopas8u@jigsy.com,203.54.178.25,232.14.205.101
Bruno,Dyshart,bdyshart8v@bandcamp.com,183.28.174.87,112.64.133.41
Nikola,Ambrois,nambrois8w@eepurl.com,69.147.44.121,247.40.2.202
Gleda,Buney,gbuney8x@sogou.com,101.184.243.13,67.52.98.176
Ruprecht,Kellick,rkellick8y@wordpress.org,167.248.66.173,79.115.233.104
Claudelle,Geane,cgeane8z@zdnet.com,200.64.46.194,235.251.80.111
Reyna,Liebermann,rliebermann90@canalblog.com,11.60.76.145,3.18.191.159
Kara,Crosetto,kcrosetto91@vkontakte.ru,253.23.165.73,186.188.201.174
Jillian,Leishman,jleishman92@google.cn,154.177.5.110,66.13.238.90
Tarrance,Wilcinskis,twilcinskis93@squarespace.com,14.14.207.31,77.188.93.122
Hillard,Waldram,hwaldram94@loc.gov,86.162.168.97,52.204.211.236
Courtney,Ibbett,cibbett95@gizmodo.com,98.87.165.165,91.128.118.55
Averyl,Bayston,abayston96@tmall.com,13.121.186.60,204.249.13.211
Concettina,Budgeon,cbudgeon97@howstuffworks.com,45.212.17.235,142.53.106.32
Aubry,Zoephel,azoephel98@army.mil,12.114.240.58,230.200.182.120
Berthe,Bravey,bbravey99@quantcast.com,136.241.102.199,136.252.77.14
Sascha,Fortun,sfortun9a@comsenz.com,133.17.3.43,149.143.238.244
Conan,Boddington,cboddington9b@indiegogo.com,251.134.38.166,59.230.129.32
Bernie,Wetwood,bwetwood9c@wikipedia.org,61.52.85.150,208.37.226.115
Berthe,Walster,bwalster9d@cafepress.com,184.79.154.247,169.179.37.142
Bernadina,Gorges,bgorges9e@ed.gov,248.14.72.202,165.56.200.195
Adolpho,Naerup,anaerup9f@booking.com,227.57.243.40,217.178.9.230
Cecily,Borkin,cborkin9g@desdev.cn,63.86.170.82,89.31.137.128
Tersina,De Gregario,tdegregario9h@cam.ac.uk,122.24.81.119,139.55.247.188
Tomas,Sackett,tsackett9i@foxnews.com,163.111.126.231,23.93.183.98
Lisabeth,Falla,lfalla9j@moonfruit.com,190.220.27.213,236.154.20.134
Isaiah,Chisnell,ichisnell9k@com.com,155.4.42.249,242.160.115.23
Charline,Blodgetts,cblodgetts9l@berkeley.edu,103.0.92.5,144.126.50.164
Beniamino,Chandlar,bchandlar9m@taobao.com,147.138.128.196,186.68.114.209
Pinchas,Berntsson,pberntsson9n@mtv.com,192.244.231.21,82.27.224.201
Al,Lambert,alambert9o@yellowpages.com,175.175.254.92,166.248.55.170
Hali,Dorrington,hdorrington9p@scribd.com,140.82.142.52,225.27.224.183
Washington,Sinkin,wsinkin9q@xinhuanet.com,160.55.185.183,224.81.129.54
Mercedes,Francescuzzi,mfrancescuzzi9r@topsy.com,162.116.66.151,68.193.100.19
Allin,Hundley,ahundley9s@webs.com,30.188.105.129,131.55.172.115
Sheffy,Perillio,sperillio9t@hao123.com,31.75.207.95,238.38.100.19
Cullan,Bagger,cbagger9u@hhs.gov,73.232.127.69,142.11.67.228
Robinson,Breagan,rbreagan9v@time.com,26.218.49.214,121.185.157.246
Leta,Bowery,lbowery9w@deviantart.com,124.6.6.145,205.103.54.24
Audrie,Rosas,arosas9x@cafepress.com,163.244.33.229,164.246.225.98
Mario,Lorden,mlorden9y@columbia.edu,58.131.88.171,202.11.40.23
Nicol,Blewitt,nblewitt9z@un.org,189.14.105.85,78.41.24.158
Corabella,Eldridge,celdridgea0@accuweather.com,126.231.185.4,196.103.183.24
Jennee,Kingsnode,jkingsnodea1@washingtonpost.com,83.89.218.243,7.242.105.88
Sylas,Beidebeke,sbeidebekea2@sohu.com,127.78.134.134,182.223.83.107
Florri,Haylett,fhayletta3@google.com.hk,26.213.65.48,174.104.73.173
Bernadine,Mahoney,bmahoneya4@ucoz.ru,208.91.225.96,254.0.82.130
Marcel,Fallens,mfallensa5@forbes.com,22.162.12.122,82.229.106.98
Lorene,Kleinhaus,lkleinhausa6@comcast.net,225.197.130.46,215.170.129.53
Grier,Goodlife,ggoodlifea7@wisc.edu,141.109.248.139,49.209.52.83
Brita,Jouanny,bjouannya8@blog.com,248.115.93.83,197.199.12.190
Britt,Bamlett,bbamletta9@facebook.com,135.245.103.119,14.69.167.77
Gerta,Haton,ghatonaa@baidu.com,43.106.51.97,60.29.159.76
Gerianna,Godain,ggodainab@simplemachines.org,169.122.2.174,163.141.184.230
Marlowe,Cosyns,mcosynsac@baidu.com,29.4.29.147,41.45.164.126
Byrom,Whitcher,bwhitcherad@blinklist.com,42.166.159.226,88.200.79.218
Bea,Anton,bantonae@google.co.uk,55.90.88.197,160.125.136.11
Tedd,Terrans,tterransaf@youtube.com,12.132.152.227,100.146.47.62
Averil,Livesay,alivesayag@ifeng.com,159.57.220.74,244.177.231.222
Todd,Drewes,tdrewesah@accuweather.com,202.245.190.12,114.61.112.140
Tomi,Bisiker,tbisikerai@scientificamerican.com,201.167.246.227,120.195.55.10
Leta,Goodsal,lgoodsalaj@goodreads.com,147.1.60.50,4.219.111.62
Brit,Ivakin,bivakinak@live.com,12.165.220.28,189.74.217.10
Cher,Dinnage,cdinnageal@cmu.edu,83.96.199.85,60.15.150.204
Lavina,Heathwood,lheathwoodam@eventbrite.com,236.210.84.119,226.110.24.80
Aguistin,Benninck,abenninckan@discuz.net,17.108.122.136,245.19.216.112
Heath,Awdry,hawdryao@last.fm,187.12.171.157,187.35.210.119
Mariel,Thrasher,mthrasherap@independent.co.uk,135.147.47.22,91.255.138.79
Iggy,Simonson,isimonsonaq@acquirethisname.com,219.18.162.123,5.75.14.139
Perle,Pritchett,ppritchettar@umn.edu,167.230.159.167,46.77.173.66
Nelia,Spencelayh,nspencelayhas@ezinearticles.com,251.19.8.132,216.71.255.181
Rivalee,Sangra,rsangraat@themeforest.net,72.159.84.67,2.244.95.74
Mirilla,Wall,mwallau@typepad.com,8.243.209.12,88.73.200.115
Adelice,Fender,afenderav@senate.gov,62.41.129.182,88.216.104.192
Renee,Curtoys,rcurtoysaw@microsoft.com,195.189.113.227,205.105.142.202
Griffith,Bravington,gbravingtonax@about.com,173.175.20.64,18.239.190.221
Xylina,Burrell,xburrellay@jalbum.net,41.102.69.4,192.217.116.152
Elfie,Lanfranconi,elanfranconiaz@123-reg.co.uk,6.173.153.30,240.108.26.2
Samson,Basindale,sbasindaleb0@github.io,246.190.90.252,46.135.215.254
Ekaterina,Cordet,ecordetb1@canalblog.com,68.23.26.98,205.0.254.219
Adriana,Bricknall,abricknallb2@fema.gov,172.237.127.164,106.241.3.244
Merry,Scarlett,mscarlettb3@msn.com,90.180.222.18,205.194.77.139
Roger,Marple,rmarpleb4@nsw.gov.au,59.137.169.198,24.219.128.3
Avictor,Pagnin,apagninb5@vistaprint.com,233.10.163.71,158.116.23.240
Leland,Canlin,lcanlinb6@nba.com,71.119.48.220,150.247.59.106
Debbie,McFadzean,dmcfadzeanb7@fda.gov,118.22.66.100,77.124.244.94
Charmain,McEttigen,cmcettigenb8@wordpress.com,143.173.21.244,218.200.225.1
Halette,Nussey,hnusseyb9@ebay.com,12.226.222.122,191.184.17.102
Rayner,Brehaut,rbrehautba@indiatimes.com,162.17.192.227,21.212.124.192
Gabriel,Kenna,gkennabb@adobe.com,225.85.181.200,220.60.206.143
Cornelius,Chad,cchadbc@i2i.jp,223.88.36.50,88.181.161.189
Gale,Leyland,gleylandbd@ezinearticles.com,25.94.128.147,95.7.175.212
Elbertina,MacCracken,emaccrackenbe@cdc.gov,20.147.3.103,120.187.144.52
Poul,Banyard,pbanyardbf@dagondesign.com,135.22.94.7,58.237.215.126
Rod,Fink,rfinkbg@jimdo.com,118.21.80.235,52.171.79.235
Correy,Starrs,cstarrsbh@bizjournals.com,82.164.62.149,251.155.167.27
Sheffield,Cracie,scraciebi@google.de,208.65.116.242,62.239.105.24
Ira,Sydenham,isydenhambj@nytimes.com,8.4.159.46,0.63.163.208
Petr,Woodgate,pwoodgatebk@hao123.com,51.219.140.85,165.168.187.156
Massimo,Duckitt,mduckittbl@hibu.com,106.1.253.142,135.82.249.104
Allis,Barkley,abarkleybm@aboutads.info,49.129.131.164,68.126.113.156
Ailsun,Macconaghy,amacconaghybn@bandcamp.com,146.157.169.124,203.146.182.120
Nani,Rarity,nraritybo@xinhuanet.com,17.70.169.190,73.222.218.221
Theresa,Lumly,tlumlybp@cmu.edu,9.25.68.226,239.118.63.51
Norris,Rubury,nruburybq@eepurl.com,173.67.194.204,51.232.4.2
Catharine,Nassy,cnassybr@odnoklassniki.ru,72.164.75.246,107.26.56.87
Jessey,Lyddiard,jlyddiardbs@google.com.hk,36.119.50.183,134.25.220.32
Loretta,Holme,lholmebt@springer.com,144.106.121.158,62.13.119.122
Sisely,Reoch,sreochbu@list-manage.com,217.157.172.185,100.220.238.91
Murvyn,Piecha,mpiechabv@biblegateway.com,62.189.207.253,110.165.47.127
Loralyn,Weinmann,lweinmannbw@alibaba.com,221.182.97.53,53.108.39.249
Thaddus,Menure,tmenurebx@sina.com.cn,78.69.13.25,104.108.64.87
Vanessa,Skerritt,vskerrittby@techcrunch.com,49.24.56.47,239.39.71.172
Rolland,Fairlamb,rfairlambbz@samsung.com,74.34.134.56,133.224.31.121
Julius,Tomowicz,jtomowiczc0@chron.com,63.233.187.123,99.59.226.194
Alfie,Mogie,amogiec1@jimdo.com,95.81.79.186,182.234.75.31
Karoly,Fitzroy,kfitzroyc2@intel.com,38.217.6.20,208.30.79.199
Kania,Boule,kboulec3@nih.gov,55.211.91.240,19.124.209.170
Niven,Whorf,nwhorfc4@google.fr,58.36.151.202,129.57.65.134
Glendon,Claussen,gclaussenc5@bizjournals.com,111.110.50.110,12.241.184.175
Consuela,Brokenbrow,cbrokenbrowc6@diigo.com,130.139.168.253,179.30.22.133
Constantino,McQuin,cmcquinc7@arstechnica.com,160.205.169.239,253.38.179.63
Eadmund,Eskriet,eeskrietc8@youtube.com,236.206.251.67,218.133.139.36
Aimee,Colenutt,acolenuttc9@amazon.com,88.102.89.2,213.247.159.209
Shannon,Bleesing,sbleesingca@e-recht24.de,195.251.190.224,140.194.216.248
Neile,Isaac,nisaaccb@spiegel.de,56.185.14.19,204.170.29.29
Helli,Gimber,hgimbercc@exblog.jp,166.86.152.250,224.149.242.88
Odette,Gerling,ogerlingcd@hud.gov,15.24.178.54,165.4.55.202
Arlen,Blakeney,ablakeneyce@sina.com.cn,83.39.235.95,210.154.142.241
Maureen,Limprecht,mlimprechtcf@earthlink.net,205.70.158.140,202.92.26.54
Alphonse,Verrick,averrickcg@bizjournals.com,4.56.46.22,103.176.114.36
Louie,Arndt,larndtch@nhs.uk,135.224.157.103,151.181.177.207
Ches,Weippert,cweippertci@exblog.jp,137.233.253.190,200.53.105.46
Catriona,Nutbeem,cnutbeemcj@google.de,9.117.53.147,142.153.96.40
Ferdie,Poyner,fpoynerck@so-net.ne.jp,209.174.225.167,78.176.173.114
Creigh,Carlone,ccarlonecl@cpanel.net,143.190.143.218,115.91.246.34
Shelby,Chippindall,schippindallcm@artisteer.com,209.115.235.28,220.141.25.183
Dougie,Buttress,dbuttresscn@photobucket.com,162.232.114.125,166.17.244.238
Yoko,Brunicke,ybrunickeco@php.net,66.209.36.100,222.142.79.208
Jephthah,Aspray,jaspraycp@prlog.org,55.244.240.161,65.233.84.212
Waldemar,Dicker,wdickercq@springer.com,210.41.70.250,21.101.12.14
Errick,Levi,elevicr@bbb.org,208.181.39.11,207.62.48.181
Wally,MacConnal,wmacconnalcs@timesonline.co.uk,60.152.220.111,192.182.170.152
Lazare,Wedon,lwedonct@bing.com,193.136.168.235,143.141.162.38
Lea,Kirsch,lkirschcu@wiley.com,197.159.165.58,17.42.220.63
Huntley,Olyfat,holyfatcv@mtv.com,140.100.136.171,3.118.62.86
Maris,Baelde,mbaeldecw@wsj.com,206.200.126.54,181.41.91.251
Stanislas,Fishburn,sfishburncx@businessinsider.com,214.20.12.220,17.169.42.75
Syd,Ledes,sledescy@stumbleupon.com,251.72.170.117,31.168.78.243
Jennifer,Dibdall,jdibdallcz@craigslist.org,171.111.112.159,189.206.215.83
Temple,Kusick,tkusickd0@wufoo.com,93.52.135.60,6.169.153.163
Rhona,Binns,rbinnsd1@mail.ru,217.115.239.137,233.6.207.74
Pavla,Prydie,pprydied2@plala.or.jp,237.67.223.144,228.167.105.172
Humberto,Gravenell,hgravenelld3@slashdot.org,61.146.31.56,86.88.84.95
Angele,Fossord,afossordd4@deviantart.com,199.183.86.158,27.199.189.14
Fidel,Enderson,fendersond5@pen.io,138.192.164.65,49.29.221.73
Lissa,Raggles,lragglesd6@cisco.com,215.238.14.147,21.29.115.243
Clementius,Bach,cbachd7@springer.com,40.196.34.243,207.127.171.24
Margo,Elecum,melecumd8@seesaa.net,112.15.96.70,239.245.200.113
Adelina,Stebbings,astebbingsd9@cdbaby.com,199.49.206.149,34.39.62.44
Aloisia,Woodroff,awoodroffda@japanpost.jp,150.35.22.61,71.19.97.220
Fransisco,Carvell,fcarvelldb@dmoz.org,24.225.237.168,167.239.21.100
Janela,Dutt,jduttdc@deliciousdays.com,127.224.20.21,104.2.28.202
Libbey,Greswell,lgreswelldd@craigslist.org,8.96.149.35,236.21.110.124
Sauveur,Wesgate,swesgatede@examiner.com,101.130.31.113,53.95.236.155
Marlo,Krier,mkrierdf@shutterfly.com,196.176.218.238,40.208.113.225
August,Redish,aredishdg@webs.com,52.147.250.211,118.153.119.223
Pet,Stoffler,pstofflerdh@issuu.com,97.165.152.70,36.85.194.107
Sig,Krolle,skrolledi@soup.io,48.179.210.34,180.27.19.86
Trixie,Leist,tleistdj@51.la,237.12.41.200,245.40.247.245
Kellie,Ewen,kewendk@slate.com,165.142.166.52,183.105.2.140
Forest,Hrachovec,fhrachovecdl@jimdo.com,195.5.207.11,84.179.136.107
Jonell,Tester,jtesterdm@nba.com,65.72.147.157,104.173.79.52
Arlen,Gotcliffe,agotcliffedn@fotki.com,238.82.250.14,22.234.183.136
Alvy,Mapham,amaphamdo@java.com,230.199.106.147,88.211.69.249
Perry,Filmer,pfilmerdp@hhs.gov,219.53.195.71,136.5.105.124
Jyoti,Marikhin,jmarikhindq@berkeley.edu,156.126.179.143,155.125.153.162
Dorian,Kittel,dkitteldr@gizmodo.com,44.119.44.17,126.19.15.252
Sonia,Scintsbury,sscintsburyds@twitpic.com,21.97.116.101,89.154.102.203
Kyla,Andrivel,kandriveldt@squarespace.com,42.223.105.27,63.252.107.35
Lotte,Hayle,lhayledu@baidu.com,50.237.143.161,7.150.225.19
Hannis,Kerrane,hkerranedv@boston.com,113.231.42.92,97.40.221.155
Jaclyn,Rivett,jrivettdw@gmpg.org,117.214.71.44,33.65.133.212
Llewellyn,Meagher,lmeagherdx@hibu.com,138.233.13.178,130.156.24.192
Gill,Beggio,gbeggiody@nih.gov,140.199.140.231,143.121.2.91
Budd,O' Loughran,boloughrandz@discuz.net,50.169.232.206,199.94.250.204
Ax,Muscat,amuscate0@tiny.cc,236.222.175.5,207.118.9.217
Rose,MacRory,rmacrorye1@woothemes.com,2.232.138.82,120.153.18.219
Jorie,Locks,jlockse2@slate.com,163.193.245.167,54.180.66.103
Jackie,Pech,jpeche3@google.com.au,218.106.65.53,38.21.253.153
Kirk,Caught,kcaughte4@sakura.ne.jp,153.165.81.237,148.251.81.159
Tully,McCloughlin,tmccloughline5@dot.gov,13.163.97.93,175.247.152.78
Aurore,Shreeves,ashreevese6@yellowpages.com,41.249.199.22,79.16.78.7
Betteann,Endricci,bendriccie7@theatlantic.com,202.140.230.120,153.35.198.69
Agna,O'Kielt,aokielte8@360.cn,211.244.158.28,243.47.98.32
Gabriello,Loud,gloude9@about.com,149.0.142.188,185.146.137.198
Anne-corinne,Orthmann,aorthmannea@t-online.de,24.185.22.133,121.50.67.62
Sibilla,Boutell,sboutelleb@hexun.com,152.168.177.69,84.107.230.239
Joann,Kesby,jkesbyec@vk.com,121.94.80.118,156.96.184.235
Correna,Toward,ctowarded@prnewswire.com,243.117.162.255,242.58.158.251
Joli,Shevels,jshevelsee@godaddy.com,159.176.126.230,12.21.217.62
Charlotte,Courtois,ccourtoisef@shop-pro.jp,82.1.187.197,1.133.150.129
Gilly,Goning,ggoningeg@utexas.edu,67.41.75.91,27.184.121.159
Haleigh,Finley,hfinleyeh@cloudflare.com,96.182.188.92,61.19.255.221
Laraine,Eagell,leagellei@bbc.co.uk,167.48.137.156,220.222.21.198
Helaine,Doey,hdoeyej@hibu.com,231.172.233.187,206.238.117.242
Philomena,McRobert,pmcrobertek@businesswire.com,116.216.255.43,2.74.116.131
Morgen,Cornejo,mcornejoel@cbsnews.com,159.75.10.117,29.115.37.123
Chan,Shadrack,cshadrackem@e-recht24.de,150.175.202.99,105.230.79.34
Fina,Gerhardt,fgerhardten@infoseek.co.jp,198.169.88.96,228.163.133.197
Celle,Antrobus,cantrobuseo@un.org,114.238.22.207,143.149.42.164
Torey,Struthers,tstruthersep@ovh.net,158.235.144.195,86.147.83.117
Graham,Oxnam,goxnameq@digg.com,8.169.72.78,230.140.37.219
Conrado,Blakelock,cblakelocker@sourceforge.net,61.246.193.91,103.161.28.102
Faun,Carreck,fcarreckes@jimdo.com,92.248.83.162,238.174.77.138
Jacenta,Planks,jplankset@etsy.com,177.170.200.245,77.232.170.31
Joey,Locket,jlocketeu@networksolutions.com,208.136.194.140,241.98.48.26
Alfred,Behne,abehneev@google.com,18.249.175.5,181.237.141.5
Juli,Knightly,jknightlyew@soup.io,171.53.203.43,195.30.71.105
Kristoforo,Jotcham,kjotchamex@stanford.edu,237.127.71.61,105.33.192.198
Tristam,O'Crotty,tocrottyey@tamu.edu,56.123.31.29,193.111.137.197
Ophelie,Tolussi,otolussiez@oaic.gov.au,25.107.23.34,7.248.188.51
Dory,Moneti,dmonetif0@home.pl,194.179.71.215,194.69.85.212
Dorene,Moulton,dmoultonf1@bbb.org,187.69.206.187,110.67.243.96
Millisent,Cawse,mcawsef2@tiny.cc,230.225.235.80,131.37.79.23
Rivalee,Gander,rganderf3@google.fr,175.227.209.28,21.46.18.14
Cary,Mennithorp,cmennithorpf4@wp.com,175.221.197.148,129.169.239.76
Tandy,Petrolli,tpetrollif5@epa.gov,226.6.56.142,236.68.62.59
Inga,MacGiolla Pheadair,imacgiollapheadairf6@nih.gov,76.62.254.121,214.102.18.65
Maxie,Tilliard,mtilliardf7@businessweek.com,82.222.24.89,140.112.53.116
Genny,Beckerleg,gbeckerlegf8@163.com,252.196.212.99,187.148.42.43
Free,Bowcock,fbowcockf9@tmall.com,176.55.233.109,0.169.157.13
Gwenny,Pohlak,gpohlakfa@sourceforge.net,182.84.253.210,213.76.72.25
Kort,Gruczka,kgruczkafb@mac.com,139.116.137.132,188.72.60.230
Koralle,Fellows,kfellowsfc@hp.com,204.7.234.161,44.130.42.110
Kriste,Mustarde,kmustardefd@spiegel.de,200.173.99.23,119.254.213.166
Karie,Kane,kkanefe@constantcontact.com,26.177.46.10,90.44.25.47
Darren,Rickards,drickardsff@e-recht24.de,24.203.6.134,170.203.3.36
Susi,Dunbabin,sdunbabinfg@360.cn,180.0.29.138,198.160.5.4
Solly,Waldera,swalderafh@baidu.com,164.26.155.59,68.129.145.5
Cyrus,Olphert,colphertfi@wiley.com,109.209.189.15,168.89.162.219
Kirstin,Skett,kskettfj@smugmug.com,237.76.248.205,219.177.191.176
Jilleen,Glavis,jglavisfk@dailymotion.com,58.19.31.191,21.187.176.149
Dulcinea,Schapiro,dschapirofl@wunderground.com,164.110.224.177,190.143.7.253
Sherman,Josskoviz,sjosskovizfm@epa.gov,206.239.172.32,244.138.94.177
Golda,Kettell,gkettellfn@mayoclinic.com,48.239.212.252,61.189.178.38
Aida,Chalfont,achalfontfo@spotify.com,151.130.136.179,54.16.142.186
Abran,Chaster,achasterfp@fema.gov,188.49.255.76,84.185.44.41
Odelia,Cutchey,ocutcheyfq@canalblog.com,208.219.18.244,174.15.152.90
Claudian,McCleod,cmccleodfr@mapquest.com,171.139.123.21,32.204.205.112
Hugh,Stallebrass,hstallebrassfs@constantcontact.com,42.228.160.213,166.192.116.152
Brianna,Alvarado,balvaradoft@indiegogo.com,99.167.242.160,52.237.240.228
Lee,Wolsey,lwolseyfu@ning.com,98.4.9.3,49.84.147.111
Orson,Ruff,orufffv@blogger.com,202.101.135.205,50.249.157.102
Gradey,Sparke,gsparkefw@jiathis.com,196.128.4.37,109.115.253.139
Nadiya,Lampart,nlampartfx@de.vu,122.99.114.10,131.248.200.252
Grannie,Dodshon,gdodshonfy@mit.edu,127.251.126.112,191.246.62.138
Theobald,Cristoferi,tcristoferifz@telegraph.co.uk,14.184.18.188,127.174.239.171
Lindi,Pointer,lpointerg0@vistaprint.com,73.183.98.235,90.227.167.242
Lazarus,Chasmoor,lchasmoorg1@t.co,157.11.49.38,204.43.68.223
Esme,Nowell,enowellg2@pagesperso-orange.fr,131.178.238.226,192.42.124.232
Caroline,Polden,cpoldeng3@jugem.jp,203.114.14.185,254.111.40.210
Yolande,Truman,ytrumang4@nationalgeographic.com,214.65.84.24,127.124.198.174
Jamil,Yter,jyterg5@earthlink.net,118.169.109.254,69.48.34.226
Amii,Faux,afauxg6@cisco.com,211.127.206.150,91.51.165.71
Carmine,De la Yglesia,cdelayglesiag7@mac.com,209.204.235.200,12.80.87.32
Tony,Skule,tskuleg8@webmd.com,254.218.38.71,99.189.187.95
Tiffanie,Swainston,tswainstong9@seattletimes.com,49.248.173.60,179.20.216.97
Jasper,Dilleston,jdillestonga@ibm.com,237.143.173.104,110.74.21.34
Cindelyn,McTerry,cmcterrygb@mozilla.com,220.17.37.91,230.215.205.99
Zacharias,Bellamy,zbellamygc@narod.ru,35.3.196.131,93.235.9.170
Wallie,Siggers,wsiggersgd@kickstarter.com,176.239.24.215,3.132.4.152
Caprice,Kisbee,ckisbeege@4shared.com,171.141.40.34,4.138.102.11
Lauri,Rushsorth,lrushsorthgf@usa.gov,51.126.145.152,126.76.109.116
Caron,Shorte,cshortegg@so-net.ne.jp,219.50.141.119,204.64.169.199
Quintina,Rickertsen,qrickertsengh@cam.ac.uk,134.125.105.14,54.136.215.205
Alfred,Packham,apackhamgi@usnews.com,78.46.194.75,7.22.69.131
Killian,Breton,kbretongj@tuttocitta.it,137.156.106.211,214.46.245.64
Andrey,Graysmark,agraysmarkgk@chicagotribune.com,174.178.210.186,37.121.76.37
Rutger,Lead,rleadgl@globo.com,207.180.110.205,88.72.177.125
Brina,Magee,bmageegm@ucla.edu,156.128.125.113,40.247.63.213
Amalie,Gilberthorpe,agilberthorpegn@pcworld.com,115.242.225.200,247.244.111.39
Wendell,Kidman,wkidmango@blogtalkradio.com,137.161.248.25,225.26.191.179
Teodor,Rykert,trykertgp@mysql.com,135.117.244.72,234.93.89.252
Brok,Duns,bdunsgq@nih.gov,188.24.69.176,137.165.136.190
Arleyne,Sargant,asargantgr@example.com,49.155.76.111,237.139.58.158
Lura,Weightman,lweightmangs@github.io,2.51.181.131,242.230.83.216
Oren,Allardyce,oallardycegt@biglobe.ne.jp,176.54.107.133,205.45.64.90
Vassili,Gaynor,vgaynorgu@google.de,51.240.224.90,182.91.151.178
Sabra,Banfield,sbanfieldgv@house.gov,73.94.171.193,56.231.60.138
Eugenio,De Michele,edemichelegw@unc.edu,244.89.236.158,188.223.100.71
Roseline,Swiffen,rswiffengx@homestead.com,177.83.12.1,178.213.102.164
Reynard,Doyley,rdoyleygy@admin.ch,133.146.231.67,114.84.19.80
Allys,Matzeitis,amatzeitisgz@eventbrite.com,113.45.168.185,11.167.92.229
Hermia,Cavalier,hcavalierh0@amazon.co.jp,27.219.149.176,176.6.60.50
Raffaello,deKnevet,rdekneveth1@rambler.ru,111.60.70.64,87.42.29.94
Erl,Gobolos,egobolosh2@livejournal.com,153.100.190.218,72.15.228.173
Al,Hursthouse,ahursthouseh3@ox.ac.uk,124.127.217.218,218.18.68.9
Waly,Beazey,wbeazeyh4@php.net,180.41.75.79,77.83.105.139
Almeda,Shmyr,ashmyrh5@cyberchimps.com,160.153.36.201,72.24.192.30
Thorsten,Winks,twinksh6@redcross.org,159.68.103.229,229.129.44.209
Jacintha,Potebury,jpoteburyh7@free.fr,0.255.99.10,138.44.129.110
Grenville,Dearle,gdearleh8@w3.org,166.223.20.50,124.9.236.81
Lindy,Tirkin,ltirkinh9@jiathis.com,68.106.23.95,65.120.83.93
Rosita,Lezemere,rlezemereha@unesco.org,211.162.127.162,111.10.219.62
Ario,Janikowski,ajanikowskihb@sbwire.com,165.159.17.191,143.87.252.77
Desmund,Ewols,dewolshc@storify.com,61.191.176.191,146.3.151.84
Bobbie,Mainz,bmainzhd@smugmug.com,234.28.62.172,12.140.240.30
Judah,Toppes,jtoppeshe@pbs.org,199.143.117.116,34.118.37.51
Melita,Dary,mdaryhf@sbwire.com,24.120.253.229,88.84.106.105
Stanfield,Maddams,smaddamshg@usgs.gov,104.70.141.184,53.86.126.252
Keefe,Mohring,kmohringhh@hc360.com,71.137.223.128,87.242.189.208
Jon,Slamaker,jslamakerhi@themeforest.net,145.73.1.97,145.25.155.52
Jolynn,Bothe,jbothehj@elpais.com,151.245.237.12,115.106.28.103
Nissy,McArthur,nmcarthurhk@scientificamerican.com,87.76.147.0,227.67.33.59
Kelby,Audibert,kaudiberthl@ifeng.com,104.4.174.255,117.24.31.145
Clive,Bogays,cbogayshm@imgur.com,234.246.161.146,103.99.136.216
Lauren,Bedenham,lbedenhamhn@rambler.ru,226.17.164.59,237.208.5.202
Tamqrah,Vedeshkin,tvedeshkinho@odnoklassniki.ru,254.200.240.145,76.203.216.114
Paco,Kennsley,pkennsleyhp@gravatar.com,114.197.31.240,218.172.140.66
Drucill,Worgan,dworganhq@google.cn,38.190.142.96,86.241.222.183
Joellen,Bust,jbusthr@reference.com,64.227.106.48,87.223.105.137
Kariotta,Gerrad,kgerradhs@list-manage.com,194.166.249.187,161.163.224.45
Sumner,Biaggelli,sbiaggelliht@spotify.com,118.172.255.232,86.29.55.50
Arri,Blunkett,ablunketthu@redcross.org,143.124.235.103,187.128.255.86
Toddy,Magnus,tmagnushv@ovh.net,60.205.238.40,34.26.145.235
Jeremie,Deer,jdeerhw@gravatar.com,87.20.46.60,63.14.51.17
Hi,Billyard,hbillyardhx@ted.com,104.144.178.211,131.31.51.193
Verla,Spurdle,vspurdlehy@ebay.co.uk,70.27.92.158,6.18.172.107
Timmi,Prester,tpresterhz@trellian.com,49.88.32.202,81.88.193.170
Stefano,Horley,shorleyi0@technorati.com,215.122.185.178,24.50.251.233
Odilia,Arne,oarnei1@google.ru,232.149.59.60,57.87.107.93
Rollin,Lowsely,rlowselyi2@bigcartel.com,11.95.109.246,202.48.212.69
Hi,Shackell,hshackelli3@earthlink.net,141.39.140.112,169.118.231.96
Thorpe,Jemmett,tjemmetti4@imgur.com,18.152.242.0,242.113.144.39
Karoly,Bettinson,kbettinsoni5@cam.ac.uk,221.203.179.101,150.9.163.170
Sayer,Glendenning,sglendenningi6@pagesperso-orange.fr,198.222.66.83,2.141.62.154
Elyssa,Darinton,edarintoni7@taobao.com,7.13.189.101,163.13.70.11
Ulrica,Ruddiforth,uruddiforthi8@list-manage.com,124.222.156.28,202.217.245.223
Duky,Valsler,dvalsleri9@addthis.com,201.31.203.147,94.28.100.173
Trisha,Rickersy,trickersyia@cisco.com,139.51.143.107,96.184.231.183
Brnaba,Lerwell,blerwellib@spiegel.de,188.60.34.184,94.109.238.165
Demott,Bassingden,dbassingdenic@china.com.cn,255.38.179.62,174.25.180.84
Leonie,Cathery,lcatheryid@wikia.com,12.130.174.128,209.242.41.220
Kristos,Silbert,ksilbertie@theguardian.com,3.210.250.9,149.123.109.237
Arron,Ferber,aferberif@digg.com,43.130.112.62,116.209.54.229
Field,Radin,fradinig@wix.com,32.248.152.159,59.169.89.26
Mechelle,Brandon,mbrandonih@t-online.de,144.63.126.52,205.155.198.203
Linn,Patkin,lpatkinii@indiegogo.com,117.56.231.185,37.206.98.130
Colas,Littlekit,clittlekitij@tmall.com,247.246.193.95,247.227.40.176
Avram,Ghilardi,aghilardiik@woothemes.com,152.109.165.122,139.180.247.128
Haily,Gogie,hgogieil@nifty.com,222.170.111.128,87.79.109.112
Doralin,Meadmore,dmeadmoreim@livejournal.com,5.110.232.225,227.247.137.7
Sergei,Ormiston,sormistonin@google.co.uk,148.214.30.22,219.240.3.158
Moshe,Pettit,mpettitio@nhs.uk,36.188.113.94,250.52.155.70
Bibbie,Grahl,bgrahlip@pen.io,111.41.179.8,96.142.173.150
Courtnay,Donkersley,cdonkersleyiq@ehow.com,78.228.61.91,104.133.114.235
Alexandra,Pedwell,apedwellir@nhs.uk,101.48.90.58,22.81.145.67
Hildegarde,Bierman,hbiermanis@linkedin.com,212.3.79.16,201.88.81.134
Clo,Waldrum,cwaldrumit@nytimes.com,43.6.159.140,15.175.13.206
Cale,Sanper,csanperiu@ovh.net,20.77.87.67,74.6.159.53
Gilly,Kolin,gkoliniv@jalbum.net,223.69.23.248,120.82.190.154
Edyth,Stuchbury,estuchburyiw@wikia.com,56.17.118.210,131.214.74.54
Rickert,Gulland,rgullandix@google.com.hk,22.225.205.179,0.245.144.237
Waylin,Mews,wmewsiy@1688.com,48.74.43.113,160.239.110.46
Brandea,Chesters,bchestersiz@discuz.net,221.36.12.255,189.215.55.17
Gwenette,Verralls,gverrallsj0@yellowbook.com,190.189.24.221,169.12.64.124
Adan,Symones,asymonesj1@nih.gov,139.111.62.176,159.215.148.217
Maurie,McRobb,mmcrobbj2@bbc.co.uk,205.249.214.88,57.252.32.179
Lenka,Wyness,lwynessj3@shutterfly.com,105.131.134.224,155.28.60.133
Dilly,Tizard,dtizardj4@amazon.com,182.238.18.180,90.50.114.78
Randy,Ginnally,rginnallyj5@businesswire.com,156.152.120.38,23.147.247.86
Thurstan,Stannah,tstannahj6@stanford.edu,38.236.78.171,4.63.87.70
Caroljean,Downse,cdownsej7@jiathis.com,83.22.170.30,234.55.44.64
Galvan,Kelk,gkelkj8@independent.co.uk,157.244.216.187,109.241.20.55
Xenos,Formie,xformiej9@yolasite.com,168.223.213.251,39.20.109.203
Baron,Duffan,bduffanja@blogs.com,118.41.35.140,230.176.58.233
Jim,Dorie,jdoriejb@noaa.gov,123.109.24.189,181.114.94.129
Malva,Phebee,mphebeejc@spotify.com,248.210.213.122,120.36.229.99
Marv,Erlam,merlamjd@auda.org.au,230.166.181.75,67.167.117.173
Wright,Pabel,wpabelje@soundcloud.com,31.76.245.133,103.154.115.105
Prisca,Ruperto,prupertojf@newyorker.com,192.163.195.132,241.183.115.78
Ruben,Sarson,rsarsonjg@ow.ly,242.255.63.106,1.91.212.26
Perry,Loweth,plowethjh@youtube.com,132.171.33.6,77.105.211.227
Mel,Montgomery,mmontgomeryji@telegraph.co.uk,197.119.106.236,190.14.201.15
Elton,Laflin,elaflinjj@so-net.ne.jp,132.140.211.154,191.1.30.149
Jeanna,Jervois,jjervoisjk@bigcartel.com,224.156.231.214,243.122.28.133
Eldon,Paver,epaverjl@npr.org,250.130.158.191,22.112.45.176
Kippar,Childers,kchildersjm@gnu.org,192.131.238.73,223.250.132.25
Godfry,Ashwin,gashwinjn@si.edu,38.83.155.14,103.184.13.28
Gena,Spellworth,gspellworthjo@yahoo.co.jp,29.62.162.123,212.98.145.210
Audrye,Dargavel,adargaveljp@tamu.edu,47.188.157.247,40.142.193.185
Valentine,Redwing,vredwingjq@techcrunch.com,133.56.178.117,10.202.147.174
Lay,Sheldon,lsheldonjr@answers.com,141.60.16.123,104.69.118.232
Lorettalorna,Kilfoyle,lkilfoylejs@about.me,7.228.81.213,81.60.101.18
Virgina,Landy,vlandyjt@tamu.edu,186.160.157.66,247.159.65.127
Cyrillus,Vollam,cvollamju@fc2.com,21.169.52.34,102.212.241.234
Paige,Offen,poffenjv@about.com,253.206.102.94,97.246.140.109
Niven,Eskrigg,neskriggjw@dmoz.org,16.37.210.59,52.6.40.154
Maye,Derye-Barrett,mderyebarrettjx@clickbank.net,178.97.248.15,173.221.8.17
Nealson,Washtell,nwashtelljy@xing.com,111.164.23.51,29.92.62.135
Valery,Bourley,vbourleyjz@omniture.com,50.152.148.140,151.155.194.134
Tonya,Nunn,tnunnk0@cyberchimps.com,74.39.113.115,169.94.104.87
Ellynn,Heinrich,eheinrichk1@amazon.de,52.234.15.59,198.1.71.72
Worthington,Geffinger,wgeffingerk2@npr.org,220.145.229.146,114.39.135.148
Jessey,Rickett,jrickettk3@behance.net,142.31.4.136,3.111.137.114
Darla,Souter,dsouterk4@youku.com,112.36.166.246,193.47.206.191
Ripley,Kilshaw,rkilshawk5@baidu.com,227.1.4.167,11.73.70.35
Abra,Wickardt,awickardtk6@archive.org,4.184.143.48,115.74.227.140
Eleanore,McCobb,emccobbk7@squarespace.com,105.252.108.92,79.150.232.108
Amandi,Martinolli,amartinollik8@mysql.com,42.31.122.58,172.249.28.162
Jase,Cheyne,jcheynek9@google.fr,42.45.113.108,102.115.47.223
Zandra,Parkins,zparkinska@abc.net.au,197.201.102.95,141.36.42.241
Josefina,Bussell,jbussellkb@jalbum.net,215.243.244.198,223.224.135.124
Loleta,Elks,lelkskc@hud.gov,186.203.74.230,101.214.116.165
Paulina,Dorkins,pdorkinskd@deliciousdays.com,103.11.143.233,186.187.82.218
Kettie,Chuck,kchuckke@independent.co.uk,53.116.92.180,150.45.190.82
Kally,Itzcak,kitzcakkf@ucoz.com,51.209.139.128,141.217.5.184
Rahal,Vampouille,rvampouillekg@about.me,234.55.133.101,249.42.10.16
Nollie,Rattenbury,nrattenburykh@4shared.com,231.161.105.153,35.235.235.252
Fionnula,Mor,fmorki@plala.or.jp,170.252.231.0,140.163.252.164
Vicky,Gitthouse,vgitthousekj@miibeian.gov.cn,121.219.58.62,115.131.226.16
Horton,Youster,hyousterkk@disqus.com,213.255.209.49,1.20.4.15
Kameko,Boswood,kboswoodkl@i2i.jp,210.12.105.13,200.216.233.91
Marinna,Vannet,mvannetkm@reverbnation.com,129.5.10.156,205.69.23.119
Shandeigh,Linnemann,slinnemannkn@delicious.com,135.118.129.115,168.209.132.200
Charles,Bugs,cbugsko@seesaa.net,191.224.165.31,210.175.92.245
Karolina,Rubens,krubenskp@amazon.co.jp,19.242.51.65,178.97.175.231
Janaye,Lewens,jlewenskq@mozilla.com,98.111.90.127,163.248.67.244
Hunter,Ginnety,hginnetykr@51.la,15.22.37.109,121.113.165.51
Aviva,Hillett,ahillettks@constantcontact.com,89.198.202.105,151.58.213.58
Ardyth,Hayller,ahayllerkt@unc.edu,46.8.231.162,78.149.152.237
Maisey,Putland,mputlandku@sfgate.com,170.0.85.82,179.234.222.205
Athene,Cool,acoolkv@sfgate.com,155.188.10.22,235.194.147.88
Markus,Stenning,mstenningkw@dedecms.com,240.216.84.216,116.105.130.224
Rubetta,Beckham,rbeckhamkx@smh.com.au,67.206.212.79,129.140.79.153
Allie,Mingotti,amingottiky@google.ca,195.125.136.183,88.127.197.11
Chandler,Vyel,cvyelkz@unc.edu,252.48.70.60,100.172.73.185
Clair,Mounfield,cmounfieldl0@nbcnews.com,5.161.253.42,161.123.40.149
Ki,Blind,kblindl1@auda.org.au,221.108.166.110,141.223.253.70
Isabeau,Chittim,ichittiml2@ibm.com,5.129.180.110,250.101.98.97
Roberto,Gallego,rgallegol3@miibeian.gov.cn,92.149.100.145,185.237.75.212
Gerty,Guenther,gguentherl4@hao123.com,127.170.48.220,79.37.109.109
Luz,Burstowe,lburstowel5@ow.ly,116.223.147.169,216.193.30.201
Talyah,Balls,tballsl6@businessinsider.com,97.42.74.104,109.215.207.43
Stephani,Nevet,snevetl7@miitbeian.gov.cn,164.174.32.246,126.205.147.115
Hynda,Pimmocke,hpimmockel8@symantec.com,140.44.252.160,220.84.89.201
Daren,Pluthero,dplutherol9@xinhuanet.com,217.95.131.231,199.170.227.232
Michelina,Aumerle,maumerlela@taobao.com,133.0.164.7,191.165.231.229
Ty,Creak,tcreaklb@mozilla.com,235.141.157.150,8.96.2.218
Weidar,Le - Count,wlecountlc@salon.com,244.10.110.35,225.194.188.71
Shelagh,O'Dougherty,sodoughertyld@alexa.com,221.151.143.94,21.17.87.16
Melinda,Vanyushkin,mvanyushkinle@google.com.hk,218.44.71.31,2.82.187.129
Blondy,Yosselevitch,byosselevitchlf@hud.gov,18.31.78.170,116.109.186.255
Elianora,Pollitt,epollittlg@samsung.com,36.127.250.111,76.211.67.63
Jarvis,Bonner,jbonnerlh@phoca.cz,44.45.105.146,176.234.154.161
Annis,Fleay,afleayli@npr.org,128.125.81.34,58.131.156.17
Loni,Besque,lbesquelj@behance.net,214.187.127.178,73.94.31.91
Cari,Wackly,cwacklylk@eepurl.com,140.101.106.242,121.210.58.153
Hillary,Agate,hagatell@fotki.com,106.37.155.227,224.252.0.127
Yard,Shalloo,yshalloolm@examiner.com,49.99.1.254,210.183.169.203
Archie,Tolhurst,atolhurstln@goo.gl,102.65.188.169,35.30.156.16
Kessiah,Outerbridge,kouterbridgelo@ezinearticles.com,236.6.223.62,116.234.42.165
Elysia,Benck,ebencklp@msn.com,244.1.43.77,44.186.98.191
Danice,Mattiassi,dmattiassilq@imageshack.us,67.93.74.74,232.251.44.21
Merv,Konneke,mkonnekelr@weibo.com,224.86.131.196,203.96.48.105
Letitia,Dallicott,ldallicottls@theglobeandmail.com,51.44.186.224,45.206.110.123
Nikkie,Farnon,nfarnonlt@naver.com,118.106.25.57,172.196.21.73
Goldina,Dumbare,gdumbarelu@usatoday.com,252.13.108.39,19.163.241.175
Bogart,McLemon,bmclemonlv@godaddy.com,177.17.254.99,207.251.172.148
Jacklyn,Statham,jstathamlw@cocolog-nifty.com,118.100.163.150,167.198.163.96
Gerri,Pareman,gparemanlx@imdb.com,227.68.52.155,179.121.122.222
Hillel,Hirsch,hhirschly@mashable.com,29.3.96.68,80.196.134.220
Willamina,Keddy,wkeddylz@unblog.fr,206.145.161.39,252.151.232.113
Quinlan,Draco,qdracom0@ca.gov,79.12.249.107,196.73.144.5
Emmerich,Hacon,ehaconm1@123-reg.co.uk,192.33.49.188,67.46.134.27
Sheeree,Eseler,seselerm2@miibeian.gov.cn,235.35.171.186,8.54.44.142
Fredra,Parrish,fparrishm3@edublogs.org,91.114.71.204,122.92.55.68
Carri,Beevers,cbeeversm4@miibeian.gov.cn,229.238.124.21,249.2.184.39
Dame,Hansill,dhansillm5@princeton.edu,96.60.196.140,223.19.49.162
Kathlin,Fincham,kfinchamm6@csmonitor.com,13.187.233.6,215.45.18.121
Merle,Gleadhell,mgleadhellm7@sohu.com,203.248.100.67,83.99.67.81
Pearla,Cavaney,pcavaneym8@admin.ch,99.93.148.65,118.78.47.44
Mara,Chessor,mchessorm9@google.cn,9.88.243.121,21.127.220.163
Beryl,Tremonte,btremontema@geocities.com,252.1.76.220,190.138.32.227
Julienne,Freezor,jfreezormb@google.nl,168.91.244.27,152.115.23.119
Julie,Pappi,jpappimc@washington.edu,58.252.171.202,133.252.115.150
Alanna,Le Pruvost,alepruvostmd@sciencedaily.com,160.152.98.83,211.221.225.32
Pail,Been,pbeenme@umich.edu,142.199.116.49,67.1.203.105
Shirlee,Scotchford,sscotchfordmf@hp.com,109.179.194.156,73.151.30.226
Demetra,Arden,dardenmg@un.org,56.227.105.11,35.4.174.7
Cassie,Trewett,ctrewettmh@bloglines.com,16.39.48.94,211.60.211.179
Paxton,Vatcher,pvatchermi@economist.com,144.228.226.71,149.106.255.6
Reed,Heinritz,rheinritzmj@statcounter.com,111.168.149.112,177.231.145.105
Roda,Hartright,rhartrightmk@ihg.com,193.143.206.74,231.233.75.168
Konstantin,Mattisson,kmattissonml@miitbeian.gov.cn,227.98.82.67,233.20.197.4
Ham,Paule,hpaulemm@wix.com,153.250.169.224,160.191.61.227
Natka,Sweeney,nsweeneymn@shop-pro.jp,168.23.38.140,139.226.20.116
Silvanus,Tease,steasemo@plala.or.jp,70.58.73.103,66.166.227.157
Gwenny,Twort,gtwortmp@wunderground.com,135.47.228.123,202.230.89.122
Mitzi,Illingsworth,millingsworthmq@wisc.edu,171.179.95.231,102.6.178.109
Rianon,Feehery,rfeeherymr@google.ru,227.133.34.71,34.228.195.248
Bat,Giocannoni,bgiocannonims@reuters.com,1.237.153.207,236.12.17.55
Feodora,Gley,fgleymt@wsj.com,67.133.51.16,128.168.144.95
Skippy,Gartrell,sgartrellmu@symantec.com,174.87.184.39,180.159.62.243
Darcy,Fairfoull,dfairfoullmv@huffingtonpost.com,204.189.118.107,85.162.192.180
Bonny,Goshawk,bgoshawkmw@yellowbook.com,100.64.35.66,223.197.234.241
Zena,Abrahart,zabrahartmx@imgur.com,55.81.137.110,13.232.176.166
Bronnie,Messer,bmessermy@eventbrite.com,120.183.105.27,14.68.102.154
Harmonie,Foux,hfouxmz@google.nl,129.11.129.189,210.140.215.192
Cynde,Lomath,clomathn0@illinois.edu,105.208.150.4,163.226.104.140
Carmine,Joyce,cjoycen1@123-reg.co.uk,130.2.106.112,246.14.240.148
Bonny,Darycott,bdarycottn2@slashdot.org,58.90.204.91,108.237.215.232
Justina,Vlasenkov,jvlasenkovn3@alibaba.com,183.188.194.107,219.18.145.115
Kristoforo,Benson,kbensonn4@unicef.org,20.192.102.202,171.89.118.54
Jarred,McGuffie,jmcguffien5@gmpg.org,175.143.112.104,245.160.248.112
Hortensia,Andrasch,handraschn6@sun.com,101.116.123.230,112.120.229.236
Devi,Casswell,dcasswelln7@baidu.com,152.249.235.50,197.234.43.105
Flori,Chasteau,fchasteaun8@digg.com,254.200.167.184,238.135.2.62
Glori,Ducarne,gducarnen9@google.ru,224.229.215.98,0.213.10.8
Nanci,Aguirre,naguirrena@bravesites.com,197.250.186.233,28.131.188.94
Aron,Malecky,amaleckynb@ifeng.com,69.249.7.81,204.73.126.65
Alix,Juan,ajuannc@gmpg.org,24.192.184.242,187.19.251.72
Junette,Fearns,jfearnsnd@devhub.com,201.210.147.227,160.201.227.35
Ethelbert,Tinniswood,etinniswoodne@dailymail.co.uk,16.169.159.39,234.57.151.160
Merle,Deporte,mdeportenf@arizona.edu,45.115.106.196,126.39.128.145
Louisa,Salisbury,lsalisburyng@cmu.edu,49.254.172.38,12.184.181.236
Jammie,Fulop,jfulopnh@devhub.com,14.85.117.38,235.59.190.128
Milton,Caldaro,mcaldaroni@princeton.edu,120.192.119.6,194.162.22.35
Trina,Pedrocco,tpedrocconj@vk.com,123.184.76.236,29.244.248.217
Piper,Spires,pspiresnk@dot.gov,213.43.126.57,2.71.221.106
Shelley,Caygill,scaygillnl@accuweather.com,249.115.143.253,55.25.56.189
Gunther,Verrillo,gverrillonm@washington.edu,57.48.54.231,138.131.94.82
Meggi,Pallis,mpallisnn@newyorker.com,65.91.236.7,5.44.201.154
Sully,Dahmel,sdahmelno@cargocollective.com,240.89.139.105,113.96.185.170
Tammy,Choat,tchoatnp@about.me,216.215.164.30,131.145.100.55
Davy,Syde,dsydenq@slashdot.org,78.98.199.247,237.32.130.189
Sigismundo,Lambshine,slambshinenr@imgur.com,105.152.75.246,100.50.218.169
Bevan,Olivella,bolivellans@printfriendly.com,207.173.210.39,166.144.215.204
Cheslie,Digweed,cdigweednt@constantcontact.com,133.90.63.50,44.156.123.214
Eilis,Sanzio,esanzionu@mlb.com,254.7.57.31,164.23.253.103
Matthieu,Mullender,mmullendernv@tinypic.com,188.89.112.187,98.140.164.237
Gizela,Durham,gdurhamnw@weather.com,172.10.48.43,20.54.7.124
Krystle,Valerio,kvalerionx@wired.com,74.239.252.207,220.190.145.66
Joice,Petrakov,jpetrakovny@hubpages.com,63.207.233.234,86.163.86.117
Karlotte,Muston,kmustonnz@nature.com,196.190.126.117,172.146.53.28
Noemi,Guerrieri,nguerrierio0@studiopress.com,21.254.113.24,238.114.66.134
Ingamar,Solland,isollando1@freewebs.com,20.108.32.3,25.111.198.17
Josh,Kleinlerer,jkleinlerero2@taobao.com,130.48.154.143,203.221.20.117
Leeanne,Cayton,lcaytono3@ebay.com,177.39.15.56,117.132.183.91
Julie,Reasce,jreasceo4@vimeo.com,250.159.38.150,152.49.154.245
Quinton,Gorman,qgormano5@nydailynews.com,156.155.74.130,12.122.195.75
Odette,Earwaker,oearwakero6@geocities.com,55.134.154.24,239.250.76.179
Rosanne,Chree,rchreeo7@nifty.com,37.98.184.106,181.201.40.110
Alex,Zanetello,azanetelloo8@wisc.edu,107.98.239.218,151.79.198.4
Fran,Cumberbatch,fcumberbatcho9@pagesperso-orange.fr,244.74.3.59,148.22.77.122
Amie,Janak,ajanakoa@xinhuanet.com,143.24.3.112,20.213.134.104
Ferdinand,Skeermor,fskeermorob@de.vu,223.56.183.163,22.49.186.211
Bernadina,Caltun,bcaltunoc@fda.gov,26.247.185.140,33.223.67.191
Bevon,Lorenzini,blorenziniod@sphinn.com,133.215.130.57,84.196.7.6
Laurella,Manzell,lmanzelloe@theatlantic.com,194.228.218.155,41.45.26.206
Susie,Petrillo,spetrilloof@kickstarter.com,109.83.20.104,55.184.153.6
Irina,Jubert,ijubertog@github.com,2.107.128.92,51.150.50.63
Brockie,Heyns,bheynsoh@tmall.com,176.200.27.103,232.110.99.121
Gayelord,Brackley,gbrackleyoi@mashable.com,210.11.182.149,108.143.30.190
Rickard,Randalston,rrandalstonoj@telegraph.co.uk,252.224.132.233,129.211.57.232
Munroe,Noyce,mnoyceok@skype.com,180.65.101.183,106.33.13.26
Roman,Edden,reddenol@wsj.com,22.230.105.115,218.189.144.198
Essa,Bennallck,ebennallckom@shinystat.com,68.220.91.59,120.139.114.57
Devinne,Rumble,drumbleon@soundcloud.com,84.2.2.61,245.241.175.202
Cody,Dodwell,cdodwelloo@bbc.co.uk,56.114.233.111,79.231.108.55
Harmonia,Seamark,hseamarkop@fema.gov,128.131.182.219,248.107.186.120
Sheffy,Cona,sconaoq@technorati.com,71.22.161.173,113.169.80.120
Lockwood,Clapp,lclappor@marriott.com,0.223.98.202,200.97.101.143
Nicky,Ruddlesden,nruddlesdenos@posterous.com,135.173.195.41,163.226.142.131
Garvin,Amoss,gamossot@webmd.com,74.94.129.213,169.220.173.157
Durant,Hurdiss,dhurdissou@wikimedia.org,84.142.235.41,199.228.103.43
Babs,Hannigane,bhanniganeov@homestead.com,32.86.187.192,195.53.220.96
Hersh,Priest,hpriestow@homestead.com,61.54.72.95,193.162.167.70
Shane,Blowing,sblowingox@pen.io,149.38.213.20,64.125.124.40
Janith,Charleston,jcharlestonoy@gravatar.com,27.118.78.186,30.76.235.244
Eugenie,Beneteau,ebeneteauoz@reference.com,9.145.144.153,172.101.155.9
Eileen,Ganniclifft,eganniclifftp0@bluehost.com,197.111.241.237,156.114.202.134
Simonne,Golly,sgollyp1@list-manage.com,234.134.169.199,46.14.10.236
Collen,Wermerling,cwermerlingp2@uiuc.edu,158.7.213.231,153.128.189.36
Cristine,Agglione,cagglionep3@dion.ne.jp,195.139.12.57,79.37.169.124
Sukey,Solland,ssollandp4@jalbum.net,212.150.129.13,247.52.88.115
Hermie,Tarn,htarnp5@bloomberg.com,53.245.40.152,199.76.104.95
Amber,Bogays,abogaysp6@biblegateway.com,76.49.141.125,65.177.72.219
Clovis,Leander,cleanderp7@surveymonkey.com,197.212.9.13,53.137.126.71
Alberta,Maurice,amauricep8@google.nl,238.72.76.98,9.118.134.143
Mellie,Tilford,mtilfordp9@narod.ru,218.161.12.29,70.225.95.254
Ardra,McGeachy,amcgeachypa@state.tx.us,127.226.71.172,177.84.187.73
Olia,Bachelor,obachelorpb@ibm.com,136.111.201.1,36.96.126.82
Isadore,Gebuhr,igebuhrpc@theguardian.com,225.42.95.178,253.93.6.64
Dewey,Acklands,dacklandspd@alibaba.com,145.55.115.26,157.41.89.11
Harriott,Tonn,htonnpe@barnesandnoble.com,39.175.42.39,68.28.182.35
Lorine,Kubik,lkubikpf@sakura.ne.jp,85.79.165.211,146.215.176.181
Marsha,Wilshire,mwilshirepg@ezinearticles.com,22.168.60.38,105.202.103.249
Leonardo,Fiske,lfiskeph@craigslist.org,56.232.125.158,28.7.255.147
Meghan,Sowman,msowmanpi@marriott.com,166.93.47.204,253.129.212.190
Merrill,Harland,mharlandpj@eventbrite.com,15.183.36.192,2.69.103.84
Arabella,Fairholm,afairholmpk@rakuten.co.jp,178.15.160.199,236.102.143.196
Erich,Chiverton,echivertonpl@linkedin.com,109.230.204.66,17.255.1.216
Marissa,Dobbin,mdobbinpm@w3.org,128.203.242.200,151.153.25.35
Leila,Codling,lcodlingpn@howstuffworks.com,148.221.89.217,196.62.131.230
Dosi,Osboldstone,dosboldstonepo@issuu.com,150.43.141.35,168.60.97.40
Hedvige,Cuttles,hcuttlespp@google.co.uk,148.205.126.18,136.76.79.84
Hy,Higgoe,hhiggoepq@ca.gov,90.25.171.207,61.255.77.109
Quintus,Gislebert,qgislebertpr@arizona.edu,167.229.182.171,245.187.23.140
Maynord,Seyler,mseylerps@apple.com,84.73.92.166,47.85.169.26
Truman,Tendahl,ttendahlpt@biglobe.ne.jp,47.181.59.85,71.194.68.85
Celle,Jarrard,cjarrardpu@nifty.com,224.30.185.11,171.251.186.66
Rockey,Stratton,rstrattonpv@businessweek.com,67.109.249.204,105.95.137.251
Montague,Tembey,mtembeypw@hatena.ne.jp,188.184.104.72,41.148.202.117
Betsy,Charlet,bcharletpx@sphinn.com,251.30.119.5,18.166.234.2
Nolana,Grice,ngricepy@domainmarket.com,21.255.198.161,36.164.212.101
Clarice,Felstead,cfelsteadpz@weebly.com,207.237.107.239,106.225.109.189
Crin,McCreery,cmccreeryq0@cbc.ca,136.214.153.184,69.180.117.135
Northrop,Chesswas,nchesswasq1@aboutads.info,109.229.130.68,200.60.37.225
Remus,Bathow,rbathowq2@wunderground.com,254.205.88.178,198.232.185.45
Morton,Pyper,mpyperq3@fc2.com,32.180.10.132,24.226.191.203
Kermy,Eastup,keastupq4@nhs.uk,229.156.74.185,179.216.161.83
Antonina,Grint,agrintq5@cnn.com,43.4.222.72,59.198.43.34
Cahra,Kezar,ckezarq6@bloglovin.com,231.253.82.58,159.173.80.109
Lolita,Eastcourt,leastcourtq7@techcrunch.com,150.40.46.45,144.5.238.80
Adele,Avraham,aavrahamq8@netvibes.com,162.236.59.161,5.164.232.174
Norina,Mylechreest,nmylechreestq9@tumblr.com,147.164.30.60,171.69.48.217
Elaine,Imlacke,eimlackeqa@artisteer.com,28.144.168.192,214.171.67.58
Galen,McGeever,gmcgeeverqb@forbes.com,70.189.169.56,146.198.128.155
Jennilee,Duffus,jduffusqc@sakura.ne.jp,158.202.245.41,222.86.79.133
Dolph,Tritten,dtrittenqd@wordpress.org,104.30.196.74,5.228.4.91
Ced,Clevely,cclevelyqe@domainmarket.com,194.62.1.53,231.151.136.152
Jemimah,Elsop,jelsopqf@indiatimes.com,103.92.242.96,186.109.105.70
Shawna,Bradman,sbradmanqg@macromedia.com,131.211.203.9,6.151.91.121
Eugenia,Peachey,epeacheyqh@nps.gov,183.211.41.143,80.207.194.225
Oliver,Lissaman,olissamanqi@usda.gov,240.86.94.191,201.197.163.184
Constantine,McGourty,cmcgourtyqj@adobe.com,49.177.217.183,132.227.247.211
Merwyn,Mitchley,mmitchleyqk@ustream.tv,26.206.225.61,178.53.113.250
Alys,Baigent,abaigentql@gnu.org,97.111.108.129,121.69.173.103
Paulina,Nelhams,pnelhamsqm@reuters.com,184.238.178.116,66.90.91.69
Alicia,Connors,aconnorsqn@flickr.com,214.78.155.51,150.249.8.21
Garth,Luckey,gluckeyqo@1und1.de,215.177.195.46,37.13.99.157
Bibby,Brunini,bbruniniqp@odnoklassniki.ru,203.197.114.169,117.178.25.81
Otho,Adin,oadinqq@princeton.edu,226.142.233.106,17.199.255.49
Phineas,Lumsdall,plumsdallqr@shutterfly.com,181.92.168.33,244.166.29.206
Giff,Martindale,gmartindaleqs@hao123.com,94.55.191.165,152.91.97.91
Car,Pykett,cpykettqt@tuttocitta.it,170.56.30.215,60.21.89.178
Koral,Hassard,khassardqu@blogspot.com,154.36.32.76,32.235.52.229
Guy,Sisey,gsiseyqv@ucsd.edu,138.149.192.176,117.250.106.246
Lettie,Walpole,lwalpoleqw@nytimes.com,207.29.5.135,184.64.194.40
Constancia,Clarricoates,cclarricoatesqx@ed.gov,126.145.181.129,2.103.80.105
Bernhard,Gindghill,bgindghillqy@cdc.gov,146.93.85.2,33.81.87.227
Kylie,Trainer,ktrainerqz@zimbio.com,132.207.171.4,162.111.220.124
Michaella,Pallin,mpallinr0@e-recht24.de,41.196.229.163,74.51.128.12
Jarrett,Freeth,jfreethr1@rakuten.co.jp,97.139.173.122,158.165.236.129
Berny,Pecha,bpechar2@independent.co.uk,213.43.232.194,232.252.177.131
Maison,Wetwood,mwetwoodr3@nbcnews.com,136.196.81.130,253.88.206.227
Arny,Beuscher,abeuscherr4@squarespace.com,222.43.85.182,218.169.180.226
Remington,Cran,rcranr5@cornell.edu,13.136.59.44,61.10.1.126
Antonetta,Clemmensen,aclemmensenr6@arizona.edu,139.232.104.49,74.237.41.48
Katha,Spencer,kspencerr7@va.gov,115.159.207.221,37.158.140.216
Pace,Collopy,pcollopyr8@wufoo.com,129.239.54.52,145.135.180.225
Courtenay,Clemenson,cclemensonr9@examiner.com,61.141.16.26,124.224.197.127
Barbaraanne,Cicci,bciccira@engadget.com,50.225.205.182,8.70.0.176
Yoshi,Renals,yrenalsrb@qq.com,186.231.43.124,63.154.89.170
Ashby,MacMorland,amacmorlandrc@dagondesign.com,24.73.72.229,240.30.3.199
Madelyn,Blondelle,mblondellerd@taobao.com,233.243.83.75,132.1.221.66
Caresa,MacKilroe,cmackilroere@springer.com,102.137.112.58,112.233.127.208
Bert,Sollars,bsollarsrf@flickr.com,178.140.113.238,228.206.152.175
Hort,Garlett,hgarlettrg@ezinearticles.com,128.127.86.232,70.235.163.130
Ricoriki,Learned,rlearnedrh@uol.com.br,210.72.114.230,24.134.170.115
Dav,Gianullo,dgianullori@patch.com,64.45.59.205,136.49.81.152
Dahlia,Clist,dclistrj@businesswire.com,106.44.123.103,147.211.69.169
Davie,Perot,dperotrk@ibm.com,197.189.9.58,180.64.39.5
Hattie,Kemsley,hkemsleyrl@sbwire.com,245.63.57.212,130.210.174.250
Frankie,Poulett,fpoulettrm@ca.gov,26.155.90.168,27.147.115.211
Hewitt,Broadhurst,hbroadhurstrn@bandcamp.com,159.219.77.241,151.164.250.28
Iolande,Stratten,istrattenro@booking.com,180.111.249.213,66.164.163.7
Marcello,Denney,mdenneyrp@constantcontact.com,51.248.18.213,220.221.200.243
Philippine,Bedenham,pbedenhamrq@gov.uk,244.5.82.197,195.242.122.92
Birch,Cleverly,bcleverlyrr@last.fm,127.197.205.227,47.56.203.53
